{"SFT Train Loss": [2.188368159991044, 1.4777182707419763, 1.003018347116617, 0.6611302288678976, 0.35486584873153615, 0.17110541921395522, 0.07056854880199982, 0.03474444154506692, 0.021965072866385944, 0.016014590823593047], "SFT Val Loss": [1.9557676485606603, 1.9090201343808855, 1.8948515142713274, 2.228318657193865, 2.216901183128357, 2.504109365599496, 2.6658682312284196, 2.800511802945818, 2.886778252465384, 2.8626509734562466], "_timestamp": 1721179687.618369, "_runtime": 1392.152671098709, "_step": 0, "_wandb": {"runtime": 1392}}