{"SFT Loss": [0.8709256529808045, 0.37204434990882873, 0.20029518604278565, 0.11238920837640762, 0.07205317229032517, 0.051674155443906786, 0.03900242298841476, 0.02987198978662491, 0.025297042578458787, 0.022997135110199452], "_timestamp": 1720902480.171989, "_runtime": 2831.219404935837, "_step": 0, "_wandb": {"runtime": 2832}}