{"SFT Loss": [0.8825633716583252, 0.3881222939491272, 0.21230824112892152, 0.11947630643844605, 0.07261674672365188, 0.050646199882030486, 0.03738233156502247, 0.03195827431976795, 0.028790376074612142, 0.025198954194784164], "_timestamp": 1720910817.558752, "_runtime": 3179.7866139411926, "_step": 0, "_wandb": {"runtime": 3194}}