{"SFT Loss": [0.879461317062378, 0.39136108160018923, 0.2115514534711838, 0.12303379714488984, 0.07369649603962898, 0.051728353798389436, 0.04144386887550354, 0.032296384647488595, 0.02667532838881016, 0.022614328525960445], "_timestamp": 1720906244.3191738, "_runtime": 2854.2020087242126, "_step": 0, "_wandb": {"runtime": 2855}}