{"SFT Loss": [0.8669582605361938, 0.38230454206466674, 0.20677282333374022, 0.11761679828166961, 0.07150946274399757, 0.05364592403173447, 0.040916958153247834, 0.030694385319948198, 0.025642264522612094, 0.021487893871963024], "_timestamp": 1720848749.276593, "_runtime": 3170.43874001503, "_step": 0, "_wandb": {"runtime": 3628}}