{"SFT Loss": [2.345167550173673, 1.476903554165002, 0.9477102593942122, 0.5334354562289787, 0.2597174472881086, 0.1326098186951695, 0.08694772241693555, 0.06870211006113977, 0.05802642181515694, 0.053197764989101524], "_timestamp": 1721028955.4810188, "_runtime": 3950.888147830963, "_step": 0, "_wandb": {"runtime": 3952}}